frame_id,gt_count,detected_count,error,conf
1,29,31,2,0.1
2,30,31,1,0.1
3,35,32,3,0.1
4,31,31,0,0.1
5,26,29,3,0.1
6,26,25,1,0.1
7,28,24,4,0.1
8,27,22,5,0.1
9,29,22,7,0.1
10,31,30,1,0.1
11,37,37,0,0.1
12,37,36,1,0.1
13,41,29,12,0.1
14,41,31,10,0.1
15,41,38,3,0.1
16,40,38,2,0.1
17,42,35,7,0.1
18,44,38,6,0.1
19,36,31,5,0.1
20,37,42,5,0.1
21,38,32,6,0.1
22,37,35,2,0.1
23,40,33,7,0.1
24,41,30,11,0.1
25,37,30,7,0.1
26,41,30,11,0.1
27,41,29,12,0.1
28,41,30,11,0.1
29,36,30,6,0.1
30,33,33,0,0.1
31,35,28,7,0.1
32,36,30,6,0.1
33,37,30,7,0.1
34,36,34,2,0.1
35,35,33,2,0.1
36,36,30,6,0.1
37,33,26,7,0.1
38,31,21,10,0.1
39,30,27,3,0.1
40,29,21,8,0.1
41,27,24,3,0.1
42,24,26,2,0.1
43,25,16,9,0.1
44,21,16,5,0.1
45,22,17,5,0.1
46,19,13,6,0.1
47,17,12,5,0.1
48,17,15,2,0.1
49,18,11,7,0.1
50,17,14,3,0.1
51,17,12,5,0.1
52,16,13,3,0.1
53,16,16,0,0.1
54,17,11,6,0.1
55,16,11,5,0.1
56,19,13,6,0.1
57,22,17,5,0.1
58,22,15,7,0.1
59,20,20,0,0.1
60,21,22,1,0.1
61,23,20,3,0.1
62,18,18,0,0.1
63,23,20,3,0.1
64,23,21,2,0.1
65,22,20,2,0.1
66,24,21,3,0.1
67,24,24,0,0.1
68,25,21,4,0.1
69,20,18,2,0.1
70,23,18,5,0.1
71,26,26,0,0.1
72,26,21,5,0.1
73,25,19,6,0.1
74,23,17,6,0.1
75,22,21,1,0.1
76,20,16,4,0.1
77,16,15,1,0.1
78,18,17,1,0.1
79,17,16,1,0.1
80,17,14,3,0.1
81,16,13,3,0.1
82,15,8,7,0.1
83,15,10,5,0.1
84,17,17,0,0.1
85,16,12,4,0.1
86,16,9,7,0.1
87,16,15,1,0.1
88,14,15,1,0.1
89,15,11,4,0.1
90,13,10,3,0.1
91,18,16,2,0.1
92,18,18,0,0.1
93,16,18,2,0.1
94,18,13,5,0.1
95,20,17,3,0.1
96,19,17,2,0.1
97,24,26,2,0.1
98,25,23,2,0.1
99,27,27,0,0.1
100,31,25,6,0.1
101,31,23,8,0.1
102,30,29,1,0.1
103,31,29,2,0.1
104,33,25,8,0.1
105,33,27,6,0.1
106,33,32,1,0.1
107,31,27,4,0.1
108,25,21,4,0.1
109,23,18,5,0.1
110,20,20,0,0.1
111,23,22,1,0.1
112,23,18,5,0.1
113,22,21,1,0.1
114,22,21,1,0.1
115,24,19,5,0.1
116,24,24,0,0.1
117,26,22,4,0.1
118,27,24,3,0.1
119,29,28,1,0.1
120,25,26,1,0.1
121,24,24,0,0.1
122,26,26,0,0.1
123,25,25,0,0.1
124,24,22,2,0.1
125,26,27,1,0.1
126,31,28,3,0.1
127,32,28,4,0.1
128,28,25,3,0.1
129,29,28,1,0.1
130,29,21,8,0.1
131,30,22,8,0.1
132,29,24,5,0.1
133,27,27,0,0.1
134,29,26,3,0.1
135,28,26,2,0.1
136,25,24,1,0.1
137,27,26,1,0.1
138,26,17,9,0.1
139,27,17,10,0.1
140,25,21,4,0.1
141,22,17,5,0.1
142,23,19,4,0.1
143,23,25,2,0.1
144,26,30,4,0.1
145,23,26,3,0.1
146,25,27,2,0.1
147,22,14,8,0.1
148,19,14,5,0.1
149,22,15,7,0.1
150,24,23,1,0.1
151,23,23,0,0.1
152,21,22,1,0.1
153,20,14,6,0.1
154,20,21,1,0.1
155,20,17,3,0.1
156,23,17,6,0.1
157,24,22,2,0.1
158,24,21,3,0.1
159,23,23,0,0.1
160,20,16,4,0.1
161,20,16,4,0.1
162,23,20,3,0.1
163,26,19,7,0.1
164,26,21,5,0.1
165,27,24,3,0.1
166,26,16,10,0.1
167,23,25,2,0.1
168,23,17,6,0.1
169,22,17,5,0.1
170,21,19,2,0.1
171,19,15,4,0.1
172,19,14,5,0.1
173,18,14,4,0.1
174,18,13,5,0.1
175,16,12,4,0.1
176,15,12,3,0.1
177,17,17,0,0.1
178,17,18,1,0.1
179,18,12,6,0.1
180,19,16,3,0.1
181,20,17,3,0.1
182,17,21,4,0.1
183,19,19,0,0.1
184,23,20,3,0.1
185,23,17,6,0.1
186,25,22,3,0.1
187,25,21,4,0.1
188,29,20,9,0.1
189,29,23,6,0.1
190,30,23,7,0.1
191,29,22,7,0.1
192,23,22,1,0.1
193,22,25,3,0.1
194,21,19,2,0.1
195,21,20,1,0.1
196,21,24,3,0.1
197,22,17,5,0.1
198,24,21,3,0.1
199,25,29,4,0.1
200,27,27,0,0.1
201,26,30,4,0.1
202,26,20,6,0.1
203,27,25,2,0.1
204,25,23,2,0.1
205,23,21,2,0.1
206,24,20,4,0.1
207,24,22,2,0.1
208,26,20,6,0.1
209,26,22,4,0.1
210,25,24,1,0.1
211,24,17,7,0.1
212,21,15,6,0.1
213,20,15,5,0.1
214,20,18,2,0.1
215,20,16,4,0.1
216,23,19,4,0.1
217,23,14,9,0.1
218,23,23,0,0.1
219,24,21,3,0.1
220,24,20,4,0.1
221,24,18,6,0.1
222,22,21,1,0.1
223,22,19,3,0.1
224,22,17,5,0.1
225,21,17,4,0.1
226,26,21,5,0.1
227,22,21,1,0.1
228,23,19,4,0.1
229,23,22,1,0.1
230,21,19,2,0.1
231,20,27,7,0.1
232,18,17,1,0.1
233,20,16,4,0.1
234,23,17,6,0.1
235,27,24,3,0.1
236,28,25,3,0.1
237,24,26,2,0.1
238,25,27,2,0.1
239,25,28,3,0.1
240,26,21,5,0.1
241,26,26,0,0.1
242,25,23,2,0.1
243,25,21,4,0.1
244,23,19,4,0.1
245,20,16,4,0.1
246,19,16,3,0.1
247,18,18,0,0.1
248,18,14,4,0.1
249,14,10,4,0.1
250,15,10,5,0.1
251,15,15,0,0.1
252,19,13,6,0.1
253,19,15,4,0.1
254,19,15,4,0.1
255,17,13,4,0.1
256,18,15,3,0.1
257,18,15,3,0.1
258,19,18,1,0.1
259,21,19,2,0.1
260,24,18,6,0.1
261,23,19,4,0.1
262,25,21,4,0.1
263,23,19,4,0.1
264,25,23,2,0.1
265,27,19,8,0.1
266,28,23,5,0.1
267,30,25,5,0.1
268,32,29,3,0.1
269,30,29,1,0.1
270,29,27,2,0.1
271,27,20,7,0.1
272,28,17,11,0.1
273,26,22,4,0.1
274,25,23,2,0.1
275,29,21,8,0.1
276,28,28,0,0.1
277,25,26,1,0.1
278,26,23,3,0.1
279,25,23,2,0.1
280,25,20,5,0.1
281,22,17,5,0.1
282,22,16,6,0.1
283,22,21,1,0.1
284,24,18,6,0.1
285,23,17,6,0.1
286,21,13,8,0.1
287,22,25,3,0.1
288,25,28,3,0.1
289,26,21,5,0.1
290,27,23,4,0.1
291,27,26,1,0.1
292,24,21,3,0.1
293,23,19,4,0.1
294,31,23,8,0.1
295,27,28,1,0.1
296,28,21,7,0.1
297,28,21,7,0.1
298,29,18,11,0.1
299,27,20,7,0.1
300,28,18,10,0.1
301,28,20,8,0.1
302,25,17,8,0.1
303,24,17,7,0.1
304,24,17,7,0.1
305,24,21,3,0.1
306,24,21,3,0.1
307,23,16,7,0.1
308,22,17,5,0.1
309,22,15,7,0.1
310,24,17,7,0.1
311,20,12,8,0.1
312,19,14,5,0.1
313,19,11,8,0.1
314,16,8,8,0.1
315,17,8,9,0.1
316,16,8,8,0.1
317,16,8,8,0.1
318,17,10,7,0.1
319,16,10,6,0.1
320,13,10,3,0.1
321,14,11,3,0.1
322,17,10,7,0.1
323,17,12,5,0.1
324,18,12,6,0.1
325,19,12,7,0.1
326,18,13,5,0.1
327,18,10,8,0.1
328,20,15,5,0.1
329,20,18,2,0.1
330,19,15,4,0.1
331,19,11,8,0.1
332,19,14,5,0.1
333,19,17,2,0.1
334,21,18,3,0.1
335,23,13,10,0.1
336,23,14,9,0.1
337,22,19,3,0.1
338,22,16,6,0.1
339,22,16,6,0.1
340,23,17,6,0.1
341,24,21,3,0.1
342,24,21,3,0.1
343,23,21,2,0.1
344,23,20,3,0.1
345,24,20,4,0.1
346,27,27,0,0.1
347,27,24,3,0.1
348,31,26,5,0.1
349,27,20,7,0.1
350,33,24,9,0.1
351,36,21,15,0.1
352,37,26,11,0.1
353,38,25,13,0.1
354,36,28,8,0.1
355,35,29,6,0.1
356,32,29,3,0.1
357,32,25,7,0.1
358,32,32,0,0.1
359,33,27,6,0.1
360,33,26,7,0.1
361,35,27,8,0.1
362,36,29,7,0.1
363,36,26,10,0.1
364,31,23,8,0.1
365,28,20,8,0.1
366,29,19,10,0.1
367,31,20,11,0.1
368,33,23,10,0.1
369,34,22,12,0.1
370,34,24,10,0.1
371,34,25,9,0.1
372,33,22,11,0.1
373,32,26,6,0.1
374,33,20,13,0.1
375,35,25,10,0.1
376,33,24,9,0.1
377,32,24,8,0.1
378,34,25,9,0.1
379,36,25,11,0.1
380,42,35,7,0.1
381,47,34,13,0.1
382,42,30,12,0.1
383,41,27,14,0.1
384,40,28,12,0.1
385,39,29,10,0.1
386,41,31,10,0.1
387,46,32,14,0.1
388,45,31,14,0.1
389,42,27,15,0.1
390,39,23,16,0.1
391,40,28,12,0.1
392,42,33,9,0.1
393,43,28,15,0.1
394,49,33,16,0.1
395,47,36,11,0.1
396,47,36,11,0.1
397,50,38,12,0.1
398,48,36,12,0.1
399,46,31,15,0.1
400,48,46,2,0.1
401,48,39,9,0.1
402,47,33,14,0.1
403,46,36,10,0.1
404,47,31,16,0.1
405,44,32,12,0.1
406,43,26,17,0.1
407,42,27,15,0.1
408,42,28,14,0.1
409,37,27,10,0.1
410,38,34,4,0.1
411,33,26,7,0.1
412,33,20,13,0.1
413,33,25,8,0.1
414,35,28,7,0.1
415,33,24,9,0.1
416,34,33,1,0.1
417,34,26,8,0.1
418,36,37,1,0.1
419,37,33,4,0.1
420,32,32,0,0.1
421,33,29,4,0.1
422,40,31,9,0.1
423,35,24,11,0.1
424,35,28,7,0.1
425,34,30,4,0.1
426,32,26,6,0.1
427,33,30,3,0.1
428,34,27,7,0.1
429,34,28,6,0.1
430,31,37,6,0.1
431,35,35,0,0.1
432,36,32,4,0.1
433,35,30,5,0.1
434,41,33,8,0.1
435,43,35,8,0.1
436,39,37,2,0.1
437,39,33,6,0.1
438,43,35,8,0.1
439,45,31,14,0.1
440,46,37,9,0.1
441,48,34,14,0.1
442,43,32,11,0.1
443,44,34,10,0.1
444,43,43,0,0.1
445,45,35,10,0.1
446,48,31,17,0.1
447,49,35,14,0.1
448,49,29,20,0.1
449,50,42,8,0.1
450,46,45,1,0.1
451,47,37,10,0.1
452,49,42,7,0.1
453,42,35,7,0.1
454,35,33,2,0.1
455,33,28,5,0.1
456,32,25,7,0.1
457,31,25,6,0.1
458,34,25,9,0.1
459,31,22,9,0.1
460,34,23,11,0.1
461,34,27,7,0.1
462,37,32,5,0.1
463,37,24,13,0.1
464,31,28,3,0.1
465,31,26,5,0.1
466,33,37,4,0.1
467,31,26,5,0.1
468,29,23,6,0.1
469,32,30,2,0.1
470,29,22,7,0.1
471,27,23,4,0.1
472,28,21,7,0.1
473,28,27,1,0.1
474,28,25,3,0.1
475,28,22,6,0.1
476,27,22,5,0.1
477,28,21,7,0.1
478,27,23,4,0.1
479,29,18,11,0.1
480,29,22,7,0.1
481,30,19,11,0.1
482,32,24,8,0.1
483,31,27,4,0.1
484,30,26,4,0.1
485,28,28,0,0.1
486,28,27,1,0.1
487,27,18,9,0.1
488,26,19,7,0.1
489,28,18,10,0.1
490,33,24,9,0.1
491,34,33,1,0.1
492,34,27,7,0.1
493,30,20,10,0.1
494,29,21,8,0.1
495,30,22,8,0.1
496,33,23,10,0.1
497,30,25,5,0.1
498,27,23,4,0.1
499,26,24,2,0.1
500,28,25,3,0.1
501,26,18,8,0.1
502,26,21,5,0.1
503,26,20,6,0.1
504,27,24,3,0.1
505,28,21,7,0.1
506,30,18,12,0.1
507,30,24,6,0.1
508,26,25,1,0.1
509,29,23,6,0.1
510,26,23,3,0.1
511,27,25,2,0.1
512,26,20,6,0.1
513,30,26,4,0.1
514,33,32,1,0.1
515,37,38,1,0.1
516,34,35,1,0.1
517,36,29,7,0.1
518,34,26,8,0.1
519,33,27,6,0.1
520,32,29,3,0.1
521,32,26,6,0.1
522,33,32,1,0.1
523,33,26,7,0.1
524,31,28,3,0.1
525,33,25,8,0.1
526,34,33,1,0.1
527,35,26,9,0.1
528,32,25,7,0.1
529,28,21,7,0.1
530,22,19,3,0.1
531,25,16,9,0.1
532,26,22,4,0.1
533,25,24,1,0.1
534,28,24,4,0.1
535,30,27,3,0.1
536,31,29,2,0.1
537,32,26,6,0.1
538,32,24,8,0.1
539,31,23,8,0.1
540,32,28,4,0.1
541,32,26,6,0.1
542,32,28,4,0.1
543,28,27,1,0.1
544,26,22,4,0.1
545,27,22,5,0.1
546,27,26,1,0.1
547,25,23,2,0.1
548,23,19,4,0.1
549,21,17,4,0.1
550,23,18,5,0.1
551,23,20,3,0.1
552,25,24,1,0.1
553,24,21,3,0.1
554,24,26,2,0.1
555,24,19,5,0.1
556,21,20,1,0.1
557,22,21,1,0.1
558,21,19,2,0.1
559,22,20,2,0.1
560,22,17,5,0.1
561,21,19,2,0.1
562,20,21,1,0.1
563,23,24,1,0.1
564,25,22,3,0.1
565,23,18,5,0.1
566,21,16,5,0.1
567,23,17,6,0.1
568,25,24,1,0.1
569,25,23,2,0.1
570,24,24,0,0.1
571,21,22,1,0.1
572,21,22,1,0.1
573,22,17,5,0.1
574,22,19,3,0.1
575,23,26,3,0.1
576,21,20,1,0.1
577,23,21,2,0.1
578,23,20,3,0.1
579,27,25,2,0.1
580,29,25,4,0.1
581,27,27,0,0.1
582,28,30,2,0.1
583,28,23,5,0.1
584,30,27,3,0.1
585,31,26,5,0.1
586,28,28,0,0.1
587,32,23,9,0.1
588,32,27,5,0.1
589,29,21,8,0.1
590,28,23,5,0.1
591,29,22,7,0.1
592,28,22,6,0.1
593,26,23,3,0.1
594,24,19,5,0.1
595,25,21,4,0.1
596,25,21,4,0.1
597,22,18,4,0.1
598,24,20,4,0.1
599,22,21,1,0.1
600,22,21,1,0.1
601,23,20,3,0.1
602,25,26,1,0.1
603,27,25,2,0.1
604,27,28,1,0.1
605,30,29,1,0.1
606,29,29,0,0.1
607,32,28,4,0.1
608,36,31,5,0.1
609,40,35,5,0.1
610,40,31,9,0.1
611,41,31,10,0.1
612,42,33,9,0.1
613,41,27,14,0.1
614,45,33,12,0.1
615,46,31,15,0.1
616,46,32,14,0.1
617,45,40,5,0.1
618,45,32,13,0.1
619,43,35,8,0.1
620,42,44,2,0.1
621,41,32,9,0.1
622,41,27,14,0.1
623,42,33,9,0.1
624,41,30,11,0.1
625,42,25,17,0.1
626,42,32,10,0.1
627,42,32,10,0.1
628,41,30,11,0.1
629,36,27,9,0.1
630,32,27,5,0.1
631,31,30,1,0.1
632,35,32,3,0.1
633,38,39,1,0.1
634,35,32,3,0.1
635,33,28,5,0.1
636,30,31,1,0.1
637,32,33,1,0.1
638,34,32,2,0.1
639,38,35,3,0.1
640,37,38,1,0.1
641,40,33,7,0.1
642,40,31,9,0.1
643,40,35,5,0.1
644,43,32,11,0.1
645,41,36,5,0.1
646,38,32,6,0.1
647,40,33,7,0.1
648,42,36,6,0.1
649,42,42,0,0.1
650,37,40,3,0.1
651,36,38,2,0.1
652,34,38,4,0.1
653,33,37,4,0.1
654,32,32,0,0.1
655,35,36,1,0.1
656,36,39,3,0.1
657,34,29,5,0.1
658,29,29,0,0.1
659,31,30,1,0.1
660,31,33,2,0.1
661,33,31,2,0.1
662,28,36,8,0.1
663,26,27,1,0.1
664,25,25,0,0.1
665,25,31,6,0.1
666,26,32,6,0.1
667,31,31,0,0.1
668,26,32,6,0.1
669,30,29,1,0.1
670,30,30,0,0.1
671,32,27,5,0.1
672,33,34,1,0.1
673,32,38,6,0.1
674,34,36,2,0.1
675,36,32,4,0.1
676,37,33,4,0.1
677,34,35,1,0.1
678,33,32,1,0.1
679,32,39,7,0.1
680,32,35,3,0.1
681,33,28,5,0.1
682,31,36,5,0.1
683,30,29,1,0.1
684,31,23,8,0.1
685,34,24,10,0.1
686,31,29,2,0.1
687,31,24,7,0.1
688,31,32,1,0.1
689,28,27,1,0.1
690,29,24,5,0.1
691,30,28,2,0.1
692,29,29,0,0.1
693,28,30,2,0.1
694,32,32,0,0.1
695,30,26,4,0.1
696,32,23,9,0.1
697,31,29,2,0.1
698,32,28,4,0.1
699,32,28,4,0.1
700,34,34,0,0.1
701,35,35,0,0.1
702,35,31,4,0.1
703,32,31,1,0.1
704,32,25,7,0.1
705,34,35,1,0.1
706,35,35,0,0.1
707,37,38,1,0.1
708,37,28,9,0.1
709,38,35,3,0.1
710,41,28,13,0.1
711,39,40,1,0.1
712,35,33,2,0.1
713,38,31,7,0.1
714,39,37,2,0.1
715,36,35,1,0.1
716,38,32,6,0.1
717,43,33,10,0.1
718,40,38,2,0.1
719,45,44,1,0.1
720,42,44,2,0.1
721,48,39,9,0.1
722,46,38,8,0.1
723,46,44,2,0.1
724,43,40,3,0.1
725,42,35,7,0.1
726,42,33,9,0.1
727,44,30,14,0.1
728,44,28,16,0.1
729,45,33,12,0.1
730,43,29,14,0.1
731,39,27,12,0.1
732,41,34,7,0.1
733,42,34,8,0.1
734,41,33,8,0.1
735,39,27,12,0.1
736,39,28,11,0.1
737,40,28,12,0.1
738,36,29,7,0.1
739,37,25,12,0.1
740,38,29,9,0.1
741,33,26,7,0.1
742,35,30,5,0.1
743,36,26,10,0.1
744,38,28,10,0.1
745,38,36,2,0.1
746,40,34,6,0.1
747,41,28,13,0.1
748,40,31,9,0.1
749,42,32,10,0.1
750,42,31,11,0.1
751,43,34,9,0.1
752,42,30,12,0.1
753,41,32,9,0.1
754,41,34,7,0.1
755,41,29,12,0.1
756,43,34,9,0.1
757,44,38,6,0.1
758,41,26,15,0.1
759,38,34,4,0.1
760,41,32,9,0.1
761,39,40,1,0.1
762,38,42,4,0.1
763,34,31,3,0.1
764,32,26,6,0.1
765,33,26,7,0.1
766,30,28,2,0.1
767,30,30,0,0.1
768,29,28,1,0.1
769,26,26,0,0.1
770,26,19,7,0.1
771,29,20,9,0.1
772,32,31,1,0.1
773,33,27,6,0.1
774,34,31,3,0.1
775,34,32,2,0.1
776,36,25,11,0.1
777,36,30,6,0.1
778,35,30,5,0.1
779,34,29,5,0.1
780,33,29,4,0.1
781,35,30,5,0.1
782,36,31,5,0.1
783,36,37,1,0.1
784,33,32,1,0.1
785,27,28,1,0.1
786,26,25,1,0.1
787,27,19,8,0.1
788,25,17,8,0.1
789,23,19,4,0.1
790,22,20,2,0.1
791,22,21,1,0.1
792,22,18,4,0.1
793,22,15,7,0.1
794,24,19,5,0.1
795,24,17,7,0.1
796,26,22,4,0.1
797,26,29,3,0.1
798,26,21,5,0.1
799,30,22,8,0.1
800,29,27,2,0.1
801,31,24,7,0.1
802,33,23,10,0.1
803,36,29,7,0.1
804,36,25,11,0.1
805,38,31,7,0.1
806,38,36,2,0.1
807,38,34,4,0.1
808,37,32,5,0.1
809,37,35,2,0.1
810,38,34,4,0.1
811,36,30,6,0.1
812,37,32,5,0.1
813,41,36,5,0.1
814,39,33,6,0.1
815,36,32,4,0.1
816,37,32,5,0.1
817,33,32,1,0.1
818,31,29,2,0.1
819,33,30,3,0.1
820,35,34,1,0.1
821,36,29,7,0.1
822,32,31,1,0.1
823,30,22,8,0.1
824,31,21,10,0.1
825,32,24,8,0.1
826,30,26,4,0.1
827,29,23,6,0.1
828,29,22,7,0.1
829,30,25,5,0.1
830,31,27,4,0.1
831,28,25,3,0.1
832,26,24,2,0.1
833,27,20,7,0.1
834,29,29,0,0.1
835,31,30,1,0.1
836,30,25,5,0.1
837,30,30,0,0.1
838,32,26,6,0.1
839,32,23,9,0.1
840,33,23,10,0.1
841,30,25,5,0.1
842,28,22,6,0.1
843,29,26,3,0.1
844,29,21,8,0.1
845,31,28,3,0.1
846,29,26,3,0.1
847,29,29,0,0.1
848,30,23,7,0.1
849,32,25,7,0.1
850,29,26,3,0.1
851,30,26,4,0.1
852,29,22,7,0.1
853,32,26,6,0.1
854,33,25,8,0.1
855,31,27,4,0.1
856,32,24,8,0.1
857,32,29,3,0.1
858,34,31,3,0.1
859,34,31,3,0.1
860,36,38,2,0.1
861,36,34,2,0.1
862,34,41,7,0.1
863,33,30,3,0.1
864,29,25,4,0.1
865,30,35,5,0.1
866,32,27,5,0.1
867,36,33,3,0.1
868,37,32,5,0.1
869,35,36,1,0.1
870,35,43,8,0.1
871,36,38,2,0.1
872,31,34,3,0.1
873,30,34,4,0.1
874,28,24,4,0.1
875,28,24,4,0.1
876,27,28,1,0.1
877,26,26,0,0.1
878,28,22,6,0.1
879,30,29,1,0.1
880,32,29,3,0.1
881,31,27,4,0.1
882,30,30,0,0.1
883,30,29,1,0.1
884,31,34,3,0.1
885,31,30,1,0.1
886,32,29,3,0.1
887,32,30,2,0.1
888,33,29,4,0.1
889,32,29,3,0.1
890,35,28,7,0.1
891,29,23,6,0.1
892,30,24,6,0.1
893,33,28,5,0.1
894,38,32,6,0.1
895,36,32,4,0.1
896,33,35,2,0.1
897,35,31,4,0.1
898,34,39,5,0.1
899,36,37,1,0.1
900,39,36,3,0.1
901,36,33,3,0.1
902,35,35,0,0.1
903,35,28,7,0.1
904,37,31,6,0.1
905,37,37,0,0.1
906,44,34,10,0.1
907,42,40,2,0.1
908,43,38,5,0.1
909,41,42,1,0.1
910,42,41,1,0.1
911,40,34,6,0.1
912,37,31,6,0.1
913,39,28,11,0.1
914,38,33,5,0.1
915,40,40,0,0.1
916,40,36,4,0.1
917,37,32,5,0.1
918,34,28,6,0.1
919,31,28,3,0.1
920,33,35,2,0.1
921,34,28,6,0.1
922,33,30,3,0.1
923,32,29,3,0.1
924,32,27,5,0.1
925,31,33,2,0.1
926,24,23,1,0.1
927,26,21,5,0.1
928,26,23,3,0.1
929,26,27,1,0.1
930,28,28,0,0.1
931,31,29,2,0.1
932,30,24,6,0.1
933,33,27,6,0.1
934,34,23,11,0.1
935,34,24,10,0.1
936,33,29,4,0.1
937,32,23,9,0.1
938,30,23,7,0.1
939,29,24,5,0.1
940,29,23,6,0.1
941,31,26,5,0.1
942,32,30,2,0.1
943,31,26,5,0.1
944,31,24,7,0.1
945,33,25,8,0.1
946,36,30,6,0.1
947,36,30,6,0.1
948,38,33,5,0.1
949,35,26,9,0.1
950,37,30,7,0.1
951,42,31,11,0.1
952,44,34,10,0.1
953,44,34,10,0.1
954,47,34,13,0.1
955,48,39,9,0.1
956,43,37,6,0.1
957,45,30,15,0.1
958,46,32,14,0.1
959,43,30,13,0.1
960,42,30,12,0.1
961,44,36,8,0.1
962,45,39,6,0.1
963,50,44,6,0.1
964,53,40,13,0.1
965,49,38,11,0.1
966,46,35,11,0.1
967,45,33,12,0.1
968,45,37,8,0.1
969,47,37,10,0.1
970,47,38,9,0.1
971,47,41,6,0.1
972,44,42,2,0.1
973,38,31,7,0.1
974,38,34,4,0.1
975,37,30,7,0.1
976,36,30,6,0.1
977,35,28,7,0.1
978,32,26,6,0.1
979,27,29,2,0.1
980,29,40,11,0.1
981,29,26,3,0.1
982,28,29,1,0.1
983,29,26,3,0.1
984,28,23,5,0.1
985,28,29,1,0.1
986,29,27,2,0.1
987,31,31,0,0.1
988,31,34,3,0.1
989,34,34,0,0.1
990,35,36,1,0.1
991,35,41,6,0.1
992,35,39,4,0.1
993,37,34,3,0.1
994,40,34,6,0.1
995,40,36,4,0.1
996,38,35,3,0.1
997,41,39,2,0.1
998,39,36,3,0.1
999,36,27,9,0.1
1000,37,27,10,0.1
1001,38,33,5,0.1
1002,32,29,3,0.1
1003,33,40,7,0.1
1004,35,35,0,0.1
1005,34,30,4,0.1
1006,34,32,2,0.1
1007,32,29,3,0.1
1008,29,24,5,0.1
1009,27,27,0,0.1
1010,26,22,4,0.1
1011,28,20,8,0.1
1012,27,24,3,0.1
1013,26,23,3,0.1
1014,27,20,7,0.1
1015,28,25,3,0.1
1016,28,21,7,0.1
1017,28,25,3,0.1
1018,28,26,2,0.1
1019,29,22,7,0.1
1020,29,25,4,0.1
1021,30,26,4,0.1
1022,31,20,11,0.1
1023,30,25,5,0.1
1024,31,28,3,0.1
1025,33,28,5,0.1
1026,32,26,6,0.1
1027,36,30,6,0.1
1028,36,38,2,0.1
1029,37,30,7,0.1
1030,38,22,16,0.1
1031,34,22,12,0.1
1032,34,25,9,0.1
1033,37,34,3,0.1
1034,37,32,5,0.1
1035,35,36,1,0.1
1036,36,31,5,0.1
1037,35,31,4,0.1
1038,30,21,9,0.1
1039,32,21,11,0.1
1040,32,36,4,0.1
1041,34,31,3,0.1
1042,32,26,6,0.1
1043,31,23,8,0.1
1044,32,27,5,0.1
1045,27,21,6,0.1
1046,25,24,1,0.1
1047,25,20,5,0.1
1048,27,25,2,0.1
1049,30,23,7,0.1
1050,31,23,8,0.1
1051,29,24,5,0.1
1052,28,21,7,0.1
1053,29,26,3,0.1
1054,31,26,5,0.1
1055,31,20,11,0.1
1056,32,23,9,0.1
1057,31,19,12,0.1
1058,31,29,2,0.1
1059,30,21,9,0.1
1060,31,18,13,0.1
1061,30,18,12,0.1
1062,30,19,11,0.1
1063,24,24,0,0.1
1064,26,20,6,0.1
1065,24,20,4,0.1
1066,21,18,3,0.1
1067,24,16,8,0.1
1068,26,24,2,0.1
1069,30,17,13,0.1
1070,33,26,7,0.1
1071,37,21,16,0.1
1072,33,23,10,0.1
1073,31,25,6,0.1
1074,31,24,7,0.1
1075,30,29,1,0.1
1076,29,28,1,0.1
1077,29,24,5,0.1
1078,34,28,6,0.1
1079,37,31,6,0.1
1080,33,28,5,0.1
1081,33,29,4,0.1
1082,28,28,0,0.1
1083,29,34,5,0.1
1084,25,24,1,0.1
1085,27,26,1,0.1
1086,24,26,2,0.1
1087,21,21,0,0.1
1088,20,20,0,0.1
1089,22,27,5,0.1
1090,24,24,0,0.1
1091,25,20,5,0.1
1092,27,20,7,0.1
1093,24,23,1,0.1
1094,26,24,2,0.1
1095,26,21,5,0.1
1096,26,24,2,0.1
1097,23,23,0,0.1
1098,26,27,1,0.1
1099,27,30,3,0.1
1100,27,28,1,0.1
1101,26,25,1,0.1
1102,25,27,2,0.1
1103,26,28,2,0.1
1104,27,21,6,0.1
1105,28,27,1,0.1
1106,29,25,4,0.1
1107,28,24,4,0.1
1108,27,24,3,0.1
1109,25,28,3,0.1
1110,25,27,2,0.1
1111,25,26,1,0.1
1112,27,28,1,0.1
1113,29,26,3,0.1
1114,29,23,6,0.1
1115,29,26,3,0.1
1116,29,22,7,0.1
1117,30,28,2,0.1
1118,29,25,4,0.1
1119,29,22,7,0.1
1120,31,22,9,0.1
1121,28,24,4,0.1
1122,25,22,3,0.1
1123,26,28,2,0.1
1124,25,28,3,0.1
1125,27,23,4,0.1
1126,27,22,5,0.1
1127,31,26,5,0.1
1128,30,26,4,0.1
1129,30,24,6,0.1
1130,30,26,4,0.1
1131,25,26,1,0.1
1132,25,22,3,0.1
1133,23,27,4,0.1
1134,21,24,3,0.1
1135,26,24,2,0.1
1136,27,23,4,0.1
1137,29,30,1,0.1
1138,28,30,2,0.1
1139,29,26,3,0.1
1140,29,21,8,0.1
1141,30,34,4,0.1
1142,33,29,4,0.1
1143,36,31,5,0.1
1144,36,27,9,0.1
1145,40,29,11,0.1
1146,39,32,7,0.1
1147,37,31,6,0.1
1148,42,34,8,0.1
1149,44,31,13,0.1
1150,45,35,10,0.1
1151,43,34,9,0.1
1152,41,31,10,0.1
1153,40,38,2,0.1
1154,42,33,9,0.1
1155,43,39,4,0.1
1156,45,30,15,0.1
1157,39,30,9,0.1
1158,42,33,9,0.1
1159,40,34,6,0.1
1160,33,25,8,0.1
1161,36,25,11,0.1
1162,38,30,8,0.1
1163,37,31,6,0.1
1164,35,28,7,0.1
1165,34,29,5,0.1
1166,38,31,7,0.1
1167,36,26,10,0.1
1168,40,25,15,0.1
1169,41,30,11,0.1
1170,39,40,1,0.1
1171,41,41,0,0.1
1172,40,38,2,0.1
1173,40,31,9,0.1
1174,37,27,10,0.1
1175,33,31,2,0.1
1176,29,32,3,0.1
1177,28,22,6,0.1
1178,27,24,3,0.1
1179,29,24,5,0.1
1180,31,25,6,0.1
1181,27,27,0,0.1
1182,23,17,6,0.1
1183,23,17,6,0.1
1184,24,20,4,0.1
1185,27,18,9,0.1
1186,26,21,5,0.1
1187,27,19,8,0.1
1188,26,24,2,0.1
1189,27,25,2,0.1
1190,28,23,5,0.1
1191,29,24,5,0.1
1192,30,26,4,0.1
1193,31,32,1,0.1
1194,31,28,3,0.1
1195,30,28,2,0.1
1196,28,26,2,0.1
1197,28,28,0,0.1
1198,28,21,7,0.1
1199,28,29,1,0.1
1200,27,22,5,0.1
1201,29,25,4,0.1
1202,26,27,1,0.1
1203,30,22,8,0.1
1204,29,27,2,0.1
1205,27,23,4,0.1
1206,29,26,3,0.1
1207,28,24,4,0.1
1208,27,24,3,0.1
1209,28,22,6,0.1
1210,27,25,2,0.1
1211,32,26,6,0.1
1212,31,23,8,0.1
1213,30,32,2,0.1
1214,28,29,1,0.1
1215,23,26,3,0.1
1216,23,20,3,0.1
1217,23,15,8,0.1
1218,23,15,8,0.1
1219,22,23,1,0.1
1220,29,25,4,0.1
1221,32,30,2,0.1
1222,29,22,7,0.1
1223,34,24,10,0.1
1224,34,27,7,0.1
1225,33,23,10,0.1
1226,34,30,4,0.1
1227,36,27,9,0.1
1228,38,28,10,0.1
1229,39,33,6,0.1
1230,37,35,2,0.1
1231,36,31,5,0.1
1232,36,34,2,0.1
1233,37,28,9,0.1
1234,36,34,2,0.1
1235,32,28,4,0.1
1236,35,30,5,0.1
1237,33,27,6,0.1
1238,35,25,10,0.1
1239,35,29,6,0.1
1240,30,24,6,0.1
1241,29,22,7,0.1
1242,30,23,7,0.1
1243,27,19,8,0.1
1244,28,26,2,0.1
1245,28,21,7,0.1
1246,27,19,8,0.1
1247,25,22,3,0.1
1248,24,19,5,0.1
1249,24,16,8,0.1
1250,23,21,2,0.1
1251,23,19,4,0.1
1252,25,17,8,0.1
1253,26,16,10,0.1
1254,24,19,5,0.1
1255,25,18,7,0.1
1256,23,21,2,0.1
1257,24,18,6,0.1
1258,25,21,4,0.1
1259,29,23,6,0.1
1260,29,23,6,0.1
1261,28,22,6,0.1
1262,30,19,11,0.1
1263,27,15,12,0.1
1264,29,17,12,0.1
1265,33,18,15,0.1
1266,29,25,4,0.1
1267,35,33,2,0.1
1268,37,28,9,0.1
1269,37,25,12,0.1
1270,34,21,13,0.1
1271,35,26,9,0.1
1272,33,25,8,0.1
1273,35,25,10,0.1
1274,34,25,9,0.1
1275,36,30,6,0.1
1276,37,29,8,0.1
1277,36,23,13,0.1
1278,32,26,6,0.1
1279,35,23,12,0.1
1280,35,23,12,0.1
1281,34,29,5,0.1
1282,34,30,4,0.1
1283,35,30,5,0.1
1284,36,30,6,0.1
1285,38,32,6,0.1
1286,33,29,4,0.1
1287,31,28,3,0.1
1288,29,24,5,0.1
1289,31,26,5,0.1
1290,30,21,9,0.1
1291,31,27,4,0.1
1292,29,21,8,0.1
1293,28,26,2,0.1
1294,30,22,8,0.1
1295,30,26,4,0.1
1296,33,29,4,0.1
1297,31,26,5,0.1
1298,35,29,6,0.1
1299,34,30,4,0.1
1300,30,25,5,0.1
1301,30,22,8,0.1
1302,30,24,6,0.1
1303,27,20,7,0.1
1304,27,23,4,0.1
1305,30,27,3,0.1
1306,28,28,0,0.1
1307,30,26,4,0.1
1308,31,23,8,0.1
1309,34,27,7,0.1
1310,37,27,10,0.1
1311,35,30,5,0.1
1312,35,32,3,0.1
1313,35,24,11,0.1
1314,35,27,8,0.1
1315,34,29,5,0.1
1316,35,20,15,0.1
1317,34,29,5,0.1
1318,32,26,6,0.1
1319,30,29,1,0.1
1320,32,26,6,0.1
1321,32,26,6,0.1
1322,32,28,4,0.1
1323,30,25,5,0.1
1324,35,30,5,0.1
1325,34,32,2,0.1
1326,35,22,13,0.1
1327,34,26,8,0.1
1328,31,26,5,0.1
1329,27,21,6,0.1
1330,21,18,3,0.1
1331,22,28,6,0.1
1332,24,17,7,0.1
1333,23,24,1,0.1
1334,18,12,6,0.1
1335,18,16,2,0.1
1336,20,15,5,0.1
1337,20,23,3,0.1
1338,19,18,1,0.1
1339,18,14,4,0.1
1340,19,13,6,0.1
1341,21,19,2,0.1
1342,22,20,2,0.1
1343,19,15,4,0.1
1344,22,20,2,0.1
1345,23,15,8,0.1
1346,22,21,1,0.1
1347,24,25,1,0.1
1348,25,25,0,0.1
1349,24,24,0,0.1
1350,24,26,2,0.1
1351,25,23,2,0.1
1352,26,29,3,0.1
1353,28,28,0,0.1
1354,28,24,4,0.1
1355,31,26,5,0.1
1356,31,31,0,0.1
1357,28,28,0,0.1
1358,29,27,2,0.1
1359,29,27,2,0.1
1360,26,19,7,0.1
1361,28,20,8,0.1
1362,28,23,5,0.1
1363,25,23,2,0.1
1364,25,22,3,0.1
1365,26,19,7,0.1
1366,24,25,1,0.1
1367,22,22,0,0.1
1368,22,17,5,0.1
1369,23,17,6,0.1
1370,23,21,2,0.1
1371,19,18,1,0.1
1372,19,9,10,0.1
1373,17,8,9,0.1
1374,18,13,5,0.1
1375,20,14,6,0.1
1376,20,14,6,0.1
1377,20,16,4,0.1
1378,19,14,5,0.1
1379,19,12,7,0.1
1380,22,15,7,0.1
1381,22,13,9,0.1
1382,22,18,4,0.1
1383,21,18,3,0.1
1384,25,21,4,0.1
1385,28,24,4,0.1
1386,30,25,5,0.1
1387,29,27,2,0.1
1388,26,24,2,0.1
1389,27,22,5,0.1
1390,27,21,6,0.1
1391,30,23,7,0.1
1392,27,21,6,0.1
1393,29,24,5,0.1
1394,26,22,4,0.1
1395,28,20,8,0.1
1396,27,18,9,0.1
1397,25,19,6,0.1
1398,23,14,9,0.1
1399,23,15,8,0.1
1400,26,16,10,0.1
1401,27,19,8,0.1
1402,25,22,3,0.1
1403,29,18,11,0.1
1404,30,23,7,0.1
1405,35,19,16,0.1
1406,36,18,18,0.1
1407,37,24,13,0.1
1408,37,20,17,0.1
1409,35,22,13,0.1
1410,33,20,13,0.1
1411,33,17,16,0.1
1412,34,20,14,0.1
1413,31,27,4,0.1
1414,33,24,9,0.1
1415,34,27,7,0.1
1416,35,36,1,0.1
1417,33,33,0,0.1
1418,38,25,13,0.1
1419,38,29,9,0.1
1420,37,28,9,0.1
1421,39,31,8,0.1
1422,38,30,8,0.1
1423,38,26,12,0.1
1424,38,25,13,0.1
1425,36,22,14,0.1
1426,41,27,14,0.1
1427,44,27,17,0.1
1428,41,31,10,0.1
1429,40,24,16,0.1
1430,37,31,6,0.1
1431,38,36,2,0.1
1432,36,28,8,0.1
1433,37,33,4,0.1
1434,35,26,9,0.1
1435,31,24,7,0.1
1436,34,25,9,0.1
1437,32,30,2,0.1
1438,35,27,8,0.1
1439,34,23,11,0.1
1440,34,28,6,0.1
1441,37,26,11,0.1
1442,35,25,10,0.1
1443,30,25,5,0.1
1444,30,20,10,0.1
1445,34,24,10,0.1
1446,33,24,9,0.1
1447,37,21,16,0.1
1448,39,24,15,0.1
1449,36,33,3,0.1
1450,40,28,12,0.1
1451,39,32,7,0.1
1452,40,37,3,0.1
1453,40,32,8,0.1
1454,38,33,5,0.1
1455,40,36,4,0.1
1456,43,28,15,0.1
1457,45,35,10,0.1
1458,48,35,13,0.1
1459,42,39,3,0.1
1460,43,30,13,0.1
1461,36,39,3,0.1
1462,36,32,4,0.1
1463,39,29,10,0.1
1464,39,28,11,0.1
1465,37,29,8,0.1
1466,33,25,8,0.1
1467,31,29,2,0.1
1468,33,27,6,0.1
1469,34,28,6,0.1
1470,32,21,11,0.1
1471,32,25,7,0.1
1472,29,23,6,0.1
1473,29,28,1,0.1
1474,32,23,9,0.1
1475,31,26,5,0.1
1476,29,25,4,0.1
1477,29,25,4,0.1
1478,26,23,3,0.1
1479,28,24,4,0.1
1480,29,26,3,0.1
1481,28,24,4,0.1
1482,27,24,3,0.1
1483,31,23,8,0.1
1484,30,30,0,0.1
1485,34,24,10,0.1
1486,30,20,10,0.1
1487,37,23,14,0.1
1488,37,24,13,0.1
1489,35,26,9,0.1
1490,34,24,10,0.1
1491,31,23,8,0.1
1492,32,25,7,0.1
1493,35,22,13,0.1
1494,32,22,10,0.1
1495,33,25,8,0.1
1496,34,25,9,0.1
1497,37,24,13,0.1
1498,39,24,15,0.1
1499,40,26,14,0.1
1500,45,27,18,0.1
1501,45,29,16,0.1
1502,45,26,19,0.1
1503,47,35,12,0.1
1504,47,33,14,0.1
1505,47,32,15,0.1
1506,44,35,9,0.1
1507,41,32,9,0.1
1508,38,28,10,0.1
1509,43,32,11,0.1
1510,43,30,13,0.1
1511,42,34,8,0.1
1512,41,31,10,0.1
1513,39,24,15,0.1
1514,39,38,1,0.1
1515,37,25,12,0.1
1516,37,33,4,0.1
1517,34,32,2,0.1
1518,34,26,8,0.1
1519,34,31,3,0.1
1520,33,32,1,0.1
1521,33,23,10,0.1
1522,31,27,4,0.1
1523,33,31,2,0.1
1524,30,21,9,0.1
1525,29,25,4,0.1
1526,30,21,9,0.1
1527,27,25,2,0.1
1528,27,26,1,0.1
1529,28,29,1,0.1
1530,28,25,3,0.1
1531,31,20,11,0.1
1532,33,28,5,0.1
1533,34,24,10,0.1
1534,37,25,12,0.1
1535,34,30,4,0.1
1536,39,29,10,0.1
1537,34,27,7,0.1
1538,39,33,6,0.1
1539,39,33,6,0.1
1540,37,25,12,0.1
1541,33,23,10,0.1
1542,35,24,11,0.1
1543,41,33,8,0.1
1544,37,37,0,0.1
1545,42,27,15,0.1
1546,41,31,10,0.1
1547,39,30,9,0.1
1548,40,30,10,0.1
1549,39,24,15,0.1
1550,38,31,7,0.1
1551,41,33,8,0.1
1552,40,31,9,0.1
1553,43,28,15,0.1
1554,42,35,7,0.1
1555,44,35,9,0.1
1556,45,36,9,0.1
1557,45,32,13,0.1
1558,47,35,12,0.1
1559,45,36,9,0.1
1560,46,36,10,0.1
1561,46,33,13,0.1
1562,44,29,15,0.1
1563,38,29,9,0.1
1564,34,32,2,0.1
1565,33,25,8,0.1
1566,32,23,9,0.1
1567,33,22,11,0.1
1568,32,30,2,0.1
1569,28,23,5,0.1
1570,25,17,8,0.1
1571,23,16,7,0.1
1572,22,15,7,0.1
1573,22,16,6,0.1
1574,23,17,6,0.1
1575,25,24,1,0.1
1576,27,20,7,0.1
1577,26,24,2,0.1
1578,29,23,6,0.1
1579,28,24,4,0.1
1580,29,24,5,0.1
1581,30,22,8,0.1
1582,30,25,5,0.1
1583,30,27,3,0.1
1584,31,22,9,0.1
1585,29,20,9,0.1
1586,32,25,7,0.1
1587,31,21,10,0.1
1588,30,24,6,0.1
1589,32,34,2,0.1
1590,32,32,0,0.1
1591,34,31,3,0.1
1592,33,27,6,0.1
1593,33,21,12,0.1
1594,32,23,9,0.1
1595,30,22,8,0.1
1596,28,18,10,0.1
1597,30,27,3,0.1
1598,36,27,9,0.1
1599,35,34,1,0.1
1600,35,33,2,0.1
1601,30,29,1,0.1
1602,29,28,1,0.1
1603,29,29,0,0.1
1604,33,27,6,0.1
1605,32,25,7,0.1
1606,34,24,10,0.1
1607,34,27,7,0.1
1608,35,21,14,0.1
1609,31,27,4,0.1
1610,29,21,8,0.1
1611,28,24,4,0.1
1612,27,25,2,0.1
1613,30,25,5,0.1
1614,31,22,9,0.1
1615,29,26,3,0.1
1616,32,29,3,0.1
1617,36,31,5,0.1
1618,35,33,2,0.1
1619,37,26,11,0.1
1620,30,29,1,0.1
1621,32,24,8,0.1
1622,33,30,3,0.1
1623,37,33,4,0.1
1624,37,28,9,0.1
1625,33,31,2,0.1
1626,40,30,10,0.1
1627,42,33,9,0.1
1628,43,34,9,0.1
1629,41,38,3,0.1
1630,41,35,6,0.1
1631,43,31,12,0.1
1632,42,31,11,0.1
1633,46,33,13,0.1
1634,45,37,8,0.1
1635,44,38,6,0.1
1636,41,35,6,0.1
1637,45,33,12,0.1
1638,41,33,8,0.1
1639,45,35,10,0.1
1640,43,40,3,0.1
1641,40,34,6,0.1
1642,40,33,7,0.1
1643,44,30,14,0.1
1644,45,33,12,0.1
1645,44,37,7,0.1
1646,44,40,4,0.1
1647,44,35,9,0.1
1648,44,40,4,0.1
1649,41,37,4,0.1
1650,45,41,4,0.1
1651,48,40,8,0.1
1652,47,35,12,0.1
1653,44,38,6,0.1
1654,38,30,8,0.1
1655,41,37,4,0.1
1656,43,33,10,0.1
1657,39,38,1,0.1
1658,40,29,11,0.1
1659,38,33,5,0.1
1660,34,27,7,0.1
1661,37,29,8,0.1
1662,35,35,0,0.1
1663,33,32,1,0.1
1664,36,30,6,0.1
1665,36,25,11,0.1
1666,34,27,7,0.1
1667,32,25,7,0.1
1668,28,30,2,0.1
1669,27,17,10,0.1
1670,29,26,3,0.1
1671,32,28,4,0.1
1672,27,28,1,0.1
1673,30,23,7,0.1
1674,28,22,6,0.1
1675,31,27,4,0.1
1676,28,23,5,0.1
1677,28,22,6,0.1
1678,27,20,7,0.1
1679,28,29,1,0.1
1680,29,25,4,0.1
1681,31,24,7,0.1
1682,32,24,8,0.1
1683,30,21,9,0.1
1684,31,28,3,0.1
1685,32,26,6,0.1
1686,30,22,8,0.1
1687,30,26,4,0.1
1688,26,23,3,0.1
1689,26,25,1,0.1
1690,23,19,4,0.1
1691,25,15,10,0.1
1692,27,19,8,0.1
1693,26,17,9,0.1
1694,25,23,2,0.1
1695,24,21,3,0.1
1696,22,17,5,0.1
1697,20,19,1,0.1
1698,20,15,5,0.1
1699,20,13,7,0.1
1700,21,15,6,0.1
1701,21,18,3,0.1
1702,21,18,3,0.1
1703,21,17,4,0.1
1704,22,24,2,0.1
1705,26,27,1,0.1
1706,27,22,5,0.1
1707,30,29,1,0.1
1708,30,25,5,0.1
1709,34,25,9,0.1
1710,29,27,2,0.1
1711,30,27,3,0.1
1712,32,28,4,0.1
1713,29,31,2,0.1
1714,31,33,2,0.1
1715,36,28,8,0.1
1716,35,29,6,0.1
1717,34,29,5,0.1
1718,36,27,9,0.1
1719,37,24,13,0.1
1720,33,30,3,0.1
1721,38,29,9,0.1
1722,31,28,3,0.1
1723,27,20,7,0.1
1724,28,21,7,0.1
1725,27,20,7,0.1
1726,25,23,2,0.1
1727,27,23,4,0.1
1728,27,26,1,0.1
1729,32,32,0,0.1
1730,32,26,6,0.1
1731,31,24,7,0.1
1732,26,21,5,0.1
1733,26,19,7,0.1
1734,25,18,7,0.1
1735,25,22,3,0.1
1736,28,23,5,0.1
1737,28,20,8,0.1
1738,27,22,5,0.1
1739,30,19,11,0.1
1740,33,27,6,0.1
1741,34,26,8,0.1
1742,31,25,6,0.1
1743,30,23,7,0.1
1744,36,25,11,0.1
1745,34,23,11,0.1
1746,33,28,5,0.1
1747,36,33,3,0.1
1748,33,25,8,0.1
1749,33,25,8,0.1
1750,29,30,1,0.1
1751,32,22,10,0.1
1752,31,27,4,0.1
1753,30,25,5,0.1
1754,30,22,8,0.1
1755,29,34,5,0.1
1756,33,32,1,0.1
1757,39,36,3,0.1
1758,41,41,0,0.1
1759,41,32,9,0.1
1760,39,28,11,0.1
1761,37,35,2,0.1
1762,38,29,9,0.1
1763,34,30,4,0.1
1764,33,26,7,0.1
1765,32,23,9,0.1
1766,34,24,10,0.1
1767,30,22,8,0.1
1768,33,31,2,0.1
1769,35,30,5,0.1
1770,37,25,12,0.1
1771,35,29,6,0.1
1772,35,32,3,0.1
1773,36,39,3,0.1
1774,34,31,3,0.1
1775,33,26,7,0.1
1776,32,22,10,0.1
1777,32,24,8,0.1
1778,32,23,9,0.1
1779,32,28,4,0.1
1780,32,28,4,0.1
1781,35,25,10,0.1
1782,35,31,4,0.1
1783,32,26,6,0.1
1784,34,31,3,0.1
1785,36,31,5,0.1
1786,35,34,1,0.1
1787,31,29,2,0.1
1788,32,25,7,0.1
1789,32,29,3,0.1
1790,31,30,1,0.1
1791,30,22,8,0.1
1792,32,29,3,0.1
1793,34,25,9,0.1
1794,37,30,7,0.1
1795,39,33,6,0.1
1796,40,29,11,0.1
1797,37,28,9,0.1
1798,39,35,4,0.1
1799,43,31,12,0.1
1800,38,26,12,0.1
1801,37,27,10,0.1
1802,38,30,8,0.1
1803,37,31,6,0.1
1804,34,30,4,0.1
1805,37,28,9,0.1
1806,36,33,3,0.1
1807,41,34,7,0.1
1808,44,34,10,0.1
1809,45,24,21,0.1
1810,44,28,16,0.1
1811,41,26,15,0.1
1812,43,29,14,0.1
1813,44,34,10,0.1
1814,38,30,8,0.1
1815,37,24,13,0.1
1816,33,22,11,0.1
1817,32,27,5,0.1
1818,31,25,6,0.1
1819,31,27,4,0.1
1820,28,20,8,0.1
1821,30,17,13,0.1
1822,34,28,6,0.1
1823,36,25,11,0.1
1824,33,27,6,0.1
1825,32,22,10,0.1
1826,32,24,8,0.1
1827,31,29,2,0.1
1828,27,32,5,0.1
1829,29,18,11,0.1
1830,29,25,4,0.1
1831,30,26,4,0.1
1832,35,36,1,0.1
1833,40,31,9,0.1
1834,41,31,10,0.1
1835,44,34,10,0.1
1836,42,33,9,0.1
1837,36,25,11,0.1
1838,36,30,6,0.1
1839,37,28,9,0.1
1840,35,30,5,0.1
1841,37,33,4,0.1
1842,41,34,7,0.1
1843,40,35,5,0.1
1844,40,34,6,0.1
1845,42,35,7,0.1
1846,40,33,7,0.1
1847,41,38,3,0.1
1848,45,40,5,0.1
1849,42,40,2,0.1
1850,39,34,5,0.1
1851,36,31,5,0.1
1852,33,32,1,0.1
1853,35,25,10,0.1
1854,35,28,7,0.1
1855,39,31,8,0.1
1856,36,28,8,0.1
1857,33,26,7,0.1
1858,35,23,12,0.1
1859,33,26,7,0.1
1860,33,22,11,0.1
1861,36,23,13,0.1
1862,37,28,9,0.1
1863,35,38,3,0.1
1864,31,28,3,0.1
1865,30,28,2,0.1
1866,30,26,4,0.1
1867,26,30,4,0.1
1868,26,24,2,0.1
1869,26,30,4,0.1
1870,28,23,5,0.1
1871,30,23,7,0.1
1872,32,20,12,0.1
1873,29,21,8,0.1
1874,27,22,5,0.1
1875,27,23,4,0.1
1876,27,28,1,0.1
1877,27,21,6,0.1
1878,26,16,10,0.1
1879,30,23,7,0.1
1880,31,30,1,0.1
1881,30,26,4,0.1
1882,30,28,2,0.1
1883,33,29,4,0.1
1884,35,26,9,0.1
1885,32,23,9,0.1
1886,33,26,7,0.1
1887,29,20,9,0.1
1888,26,21,5,0.1
1889,30,23,7,0.1
1890,28,24,4,0.1
1891,29,23,6,0.1
1892,28,36,8,0.1
1893,27,22,5,0.1
1894,26,20,6,0.1
1895,29,21,8,0.1
1896,30,23,7,0.1
1897,30,22,8,0.1
1898,27,24,3,0.1
1899,30,29,1,0.1
1900,32,25,7,0.1
1901,33,31,2,0.1
1902,34,30,4,0.1
1903,31,23,8,0.1
1904,30,31,1,0.1
1905,28,22,6,0.1
1906,31,26,5,0.1
1907,33,24,9,0.1
1908,33,27,6,0.1
1909,29,21,8,0.1
1910,30,23,7,0.1
1911,29,26,3,0.1
1912,29,24,5,0.1
1913,35,27,8,0.1
1914,34,33,1,0.1
1915,33,34,1,0.1
1916,31,29,2,0.1
1917,32,27,5,0.1
1918,36,26,10,0.1
1919,39,25,14,0.1
1920,36,26,10,0.1
1921,35,25,10,0.1
1922,28,20,8,0.1
1923,29,18,11,0.1
1924,26,19,7,0.1
1925,25,18,7,0.1
1926,28,22,6,0.1
1927,31,26,5,0.1
1928,29,21,8,0.1
1929,29,20,9,0.1
1930,30,22,8,0.1
1931,32,29,3,0.1
1932,29,27,2,0.1
1933,30,25,5,0.1
1934,30,19,11,0.1
1935,28,21,7,0.1
1936,26,20,6,0.1
1937,29,20,9,0.1
1938,26,20,6,0.1
1939,25,21,4,0.1
1940,28,33,5,0.1
1941,25,20,5,0.1
1942,25,20,5,0.1
1943,24,19,5,0.1
1944,24,25,1,0.1
1945,27,23,4,0.1
1946,30,22,8,0.1
1947,32,23,9,0.1
1948,29,21,8,0.1
1949,27,19,8,0.1
1950,28,20,8,0.1
1951,32,23,9,0.1
1952,33,23,10,0.1
1953,32,26,6,0.1
1954,28,18,10,0.1
1955,27,22,5,0.1
1956,26,19,7,0.1
1957,28,20,8,0.1
1958,26,23,3,0.1
1959,28,22,6,0.1
1960,28,21,7,0.1
1961,29,20,9,0.1
1962,30,27,3,0.1
1963,30,26,4,0.1
1964,28,19,9,0.1
1965,32,23,9,0.1
1966,32,23,9,0.1
1967,29,25,4,0.1
1968,29,25,4,0.1
1969,25,21,4,0.1
1970,30,25,5,0.1
1971,29,20,9,0.1
1972,28,27,1,0.1
1973,28,25,3,0.1
1974,27,23,4,0.1
1975,28,27,1,0.1
1976,27,23,4,0.1
1977,30,25,5,0.1
1978,30,24,6,0.1
1979,30,24,6,0.1
1980,30,26,4,0.1
1981,29,28,1,0.1
1982,34,25,9,0.1
1983,33,22,11,0.1
1984,35,27,8,0.1
1985,36,32,4,0.1
1986,31,24,7,0.1
1987,26,23,3,0.1
1988,26,20,6,0.1
1989,26,16,10,0.1
1990,28,14,14,0.1
1991,28,19,9,0.1
1992,28,16,12,0.1
1993,28,19,9,0.1
1994,28,18,10,0.1
1995,29,18,11,0.1
1996,27,14,13,0.1
1997,27,17,10,0.1
1998,25,16,9,0.1
1999,26,15,11,0.1
2000,26,17,9,0.1
