row_index,track_id,zone,entry_frame,dwell_seconds,mean_velocity,turn_rate,reconstruction_error,flagged,label
1,1,Entrance strip,170,0.37,20.83,2.703,1.632867,1,0
6,24,Center aisle,10,5.03,14.14,0.0,0.700192,0,0
10,52,Upper walkway,695,11.2,38.89,1.071,2.002789,1,1
14,52,Upper walkway,1580,0.2,33.96,0.0,1.082171,0,0
15,74,Center aisle,105,5.37,26.98,0.931,0.216944,0,0
16,74,Upper walkway,270,6.37,30.74,0.785,1.644739,1,0
17,74,Upper walkway,565,0.2,5.54,0.0,1.962953,1,0
22,78,Entrance strip,25,1.87,133.82,1.07,4.006145,1,1
23,82,Upper walkway,30,3.7,36.48,0.541,1.390418,1,0
31,108,Center aisle,695,1.03,31.87,0.0,0.455963,0,0
34,117,Entrance strip,115,0.37,45.43,0.0,0.035256,0,0
35,153,Upper walkway,60,3.2,31.75,0.312,1.325381,1,0
36,188,Upper walkway,95,0.53,48.1,1.887,2.446336,1,0
41,228,Entrance strip,260,1.2,40.61,0.0,0.033574,0,0
42,228,Upper walkway,480,2.7,46.82,0.741,1.392878,1,0
43,252,Entrance strip,70,16.87,39.85,1.838,0.206231,0,1
49,330,Upper walkway,125,10.03,24.41,0.897,1.893574,1,1
57,464,Upper walkway,970,3.03,48.02,0.33,1.084735,0,0
63,654,Upper walkway,250,1.03,86.91,0.0,1.391141,1,1
65,698,Center aisle,240,5.87,40.99,1.363,0.318643,0,1
69,698,Upper walkway,1080,0.37,4.07,0.0,2.027179,1,0
71,698,Upper walkway,1160,0.87,16.31,0.0,1.588376,1,0
74,698,Center aisle,1540,1.03,69.25,0.0,0.793686,0,0
76,742,Upper walkway,250,12.03,9.43,0.831,2.146045,1,1
97,869,Upper walkway,1260,2.7,31.42,0.741,1.495845,1,0
99,892,Center aisle,545,5.53,44.83,1.266,0.352999,0,1
102,894,Center aisle,825,4.53,40.93,0.442,0.318598,0,0
105,1030,Entrance strip,1810,2.2,24.51,0.909,0.08493,0,0
109,1054,Entrance strip,905,4.53,24.03,2.87,1.439448,1,1
110,1054,Center aisle,1160,0.37,62.77,0.0,0.673048,0,0
113,1090,Entrance strip,750,8.2,16.33,1.951,0.34603,0,1
116,1090,Center aisle,1205,6.03,38.83,0.166,0.426898,0,0
117,1090,Upper walkway,1390,1.53,82.99,0.0,1.27994,1,1
122,1116,Upper walkway,1135,0.53,12.22,0.0,1.716763,1,0
125,1129,Center aisle,415,5.2,41.51,0.962,0.266972,0,0
129,1129,Center aisle,1130,2.87,40.47,1.394,0.425742,0,0
136,1140,Center aisle,1035,1.53,62.2,0.654,0.64979,0,0
137,1140,Entrance strip,1085,1.03,36.66,0.0,0.054563,0,0
139,1140,Center aisle,1470,6.87,35.03,2.183,0.657604,0,1
141,1140,Upper walkway,1990,0.2,22.93,0.0,1.375675,1,0
157,1246,Entrance strip,1700,9.2,34.39,0.978,0.06421,0,1
160,1261,Entrance strip,1380,3.7,65.96,0.541,0.335975,0,0
163,1261,Upper walkway,1830,3.7,28.32,0.541,1.488669,1,0
167,1431,Upper walkway,840,3.2,36.42,0.625,1.416928,1,0
175,1451,Entrance strip,1150,1.37,9.59,0.0,0.492599,0,0
177,1451,Upper walkway,1565,2.03,56.61,0.0,0.881961,0,0
182,1566,Entrance strip,950,0.2,12.24,0.0,0.520149,0,0
187,1581,Entrance strip,1825,1.2,42.07,0.0,0.029339,0,0
190,1666,Entrance strip,1030,3.53,75.29,0.283,0.470543,0,0
194,1666,Center aisle,1515,0.53,56.27,0.0,0.571543,0,0
195,1666,Upper walkway,1555,2.87,58.88,0.348,1.049014,0,0
208,1702,Center aisle,1930,0.37,7.64,0.0,0.861172,0,0
212,1715,Upper walkway,710,0.87,13.3,0.0,1.682724,1,0
223,1801,Entrance strip,665,3.7,57.17,0.27,0.133005,0,0
224,1819,Entrance strip,670,11.2,43.47,2.321,0.583237,0,1
237,1862,Entrance strip,685,1.87,26.63,0.0,0.147275,0,0
240,1872,Entrance strip,690,9.53,20.07,0.315,0.350472,0,1
267,2200,Entrance strip,870,3.03,61.01,0.66,0.257819,0,0
272,2330,Entrance strip,885,10.2,46.65,0.392,0.409624,0,1
275,2345,Entrance strip,975,3.87,67.01,0.0,0.26462,0,0
279,2432,Upper walkway,925,7.87,26.99,0.889,1.753247,1,1
286,2526,Upper walkway,1735,2.87,29.17,2.091,2.440603,1,1
287,2526,Upper walkway,1850,0.87,17.22,1.149,1.903437,1,0
290,2541,Entrance strip,1755,0.87,23.39,0.0,0.233857,0,0
296,2600,Upper walkway,1000,3.7,29.01,0.811,1.571996,1,0
297,2634,Upper walkway,1030,1.03,37.62,0.0,1.017587,0,0
300,2644,Center aisle,1010,5.7,20.9,0.175,0.488705,0,0
303,2662,Upper walkway,1015,8.2,24.04,0.488,1.796674,1,1
309,2842,Center aisle,1095,26.87,24.22,1.786,0.216677,0,1
313,2920,Upper walkway,1565,10.53,26.67,0.38,1.983443,1,1
314,2920,Center aisle,1885,2.03,37.15,0.493,0.310982,0,0
316,2941,Center aisle,1365,1.37,67.64,0.0,0.75728,0,0
317,2941,Upper walkway,1410,0.37,62.6,0.0,0.888104,0,0
320,2981,Center aisle,1170,1.53,4.63,0.0,0.929689,0,0
325,2990,Upper walkway,1360,0.2,37.3,0.0,1.012274,0,0
333,3116,Upper walkway,1460,6.7,27.75,1.045,1.733748,1,0
350,3359,Upper walkway,1560,0.2,47.56,0.0,0.886066,0,0
366,3535,Center aisle,1600,3.7,73.17,0.541,0.952091,0,0
367,3535,Upper walkway,1715,1.87,56.75,0.0,0.878165,0,0
377,3679,Center aisle,1680,5.2,56.26,0.769,0.542988,0,0
385,3865,Upper walkway,1680,10.53,35.8,0.665,1.912681,1,1
396,3985,Center aisle,1950,0.53,10.21,0.0,0.793918,0,0
399,4041,Center aisle,1855,4.7,39.41,1.702,0.48509,0,1
405,4207,Center aisle,1730,8.87,16.82,0.902,0.29368,0,1
411,4319,Upper walkway,1800,6.53,24.83,1.225,1.81114,1,1
413,4404,Center aisle,1810,6.2,39.47,0.484,0.311923,0,0
